Location,Establishment ,Address ,Website
Back Bay,Corner Tavern,"421 Marlborough St, Boston, MA 02115",http://thecornerboston.com/
Back Bay,Bukowski Tavern,"50 Dalton St, Boston, MA 02115",http://bukowskitavern.net/
Back Bay,Coda,"329 Columbus Ave, Boston, MA 02116",http://www.codaboston.com/index.htm
Back Bay,City Bar,"61 Exeter St, Boston, MA 02116",http://www.citybarboston.com/
Back Bay,Lolitas Tequila Bar,"271 Dartmouth St, Boston, MA 02116",http://www.lolitatequilabars.com/locations/boston
Back Bay,The Pour House,"907 Boylston St #21, Boston, MA 02115",http://www.pourhouseboston.com/
Back Bay,CrossRoads Irish Pub,"495 Beacon St, Boston, MA 02215",http://www.crossroads-irishpub.com/
Back Bay,Solas,"710 Boylston St, Boston, MA 02116",http://www.solasboston.com/
Back Bay,Bar 10 (Westin Copley),"10 Huntington Ave, Boston, MA 02116",http://bar10boston.com/
Back Bay,The Brahmin,"33 Stanhope St, Boston, MA 02116",http://thebrahmin.com/
Back Bay,McGreevy's,"911 Boylston St, Boston, MA 02115",http://www.mcgreevysboston.com/
Back Bay,Storyville ,"90 Exeter St, Boston, MA 02116",http://storyvilleboston.com/
Back Bay,Dillons (Glynn Group Managed),"955 Boylston St, Boston, MA 02115",http://www.dillonsboston.com/
Back Bay,MJ O'Connors,"27 Columbus Avenue, Boston MA 02116",http://www.mjoconnors.com/
Back Bay,Clery's (Glynn Group),"113 Dartmouth St, Boston, MA 02116",http://www.clerysboston.com/
Back Bay,The Taj Bar,"15 Arlington St, Boston, MA 02116",http://www.tajhotels.com/Luxury/City-Hotels/Taj-Boston-Boston/Fine-Dining/The-Cafe-Restaurant.html
Back Bay,Brownstone (Glynn Group),"111 Dartmouth St, Boston, MA 02116",http://www.brownstoneboston.com/
Back Bay,Champion's Sports Bar,"110 Huntington Ave, Boston, MA 02116",http://www.championsboston.com/
Back Bay,Venom (Rattlesnake),"384 Boylston St, Boston, MA 02116",http://rattlesnakebarandgrill.com/
Back Bay,Precinct (Leows Hotel),154 Berkeley Street Boston MA 02116,http://precinctkitchenandbar.com/
Back Bay,Whiskeys,"885 Boylston St, Boston, MA 02116",http://www.whiskeysboston.com/
Back Bay,Daisy Buchanons ," 240 Newbury St, Boston, MA 02116",http://www.daisybuchanansboston.com/#&panel1-1
Back Bay,Red Lantern,"39 Stanhope St, Boston, MA 02116",http://www.redlanternboston.com/
Back Bay,Mini Bar Boston (Copley Sq Hotel),"51 Huntington Ave, Boston, MA 02116",http://www.minibarboston.com/
Back Bay,Lir ,"903 Boylston St, Boston, MA 02115",http://www.lironboylston.com/
Back Bay,Post 390,"406 Stuart St, Boston, MA 02116",http://post390restaurant.com/
Back Bay,Bar Lola,"160 Commonwealth Ave, Boston, MA 02116",http://www.barlola.com/
Back Bay,Oak Long Bar,"138 St James Ave, Boston, MA 02116",http://oaklongbarkitchen.com/
Back Bay,The Hawthorne,"500 A Commonwealth Ave, Boston, MA 02215",http://www.thehawthornebar.com/
Brighton/Allston,Deep Ellum,"477 Cambridge St, Boston, MA 02134",http://www.deepellum-boston.com/
Brighton/Allston,Sunset Cantina (Comm Ave),"916 Commonwealth Ave, Boston, MA 02215",http://www.allstonsfinest.com/welcome/
Brighton/Allston,Paradise Rock Club (Venue)," 967 Commonwealth Ave, Boston, MA 02215",http://crossroadspresents.com/paradise-rock-club/
Brighton/Allston,Silhouette Lounge,"200 Brighton Ave, Allston, MA 02134",
Brighton/Allston,Harry's,"1430 Commonwealth Ave, Brighton, MA 02135",http://www.harrysboston.com/
Brighton/Allston,Myung Dong,"90 Harvard Ave, Allston, MA 02134",http://www.myungdong1stave.com/
Brighton/Allston,The Avenue,"1249 Commonwealth Ave, Allston, MA 02134",http://www.avenuebar.com/
Brighton/Allston,Sunset Grill (Brighton Ave),"130 Brighton Ave, Allston, MA 02134",http://www.allstonsfinest.com/welcome/
Brighton/Allston,Tavern in the Square Allston,"161 Brighton Ave, Boston, MA 02134",http://www.taverninthesquare.com/
Brighton/Allston,Bus Stop Pub," 252 Western Ave, Allston, MA 02134",
Brighton/Allston,The Draft,"34 Harvard Ave, Boston, MA 02134",http://www.thedraftbarandgrille.com/
Brighton/Allston,Whitehouse Tavern,"116 Brighton Ave, Boston, MA 02134",http://www.whitehorseboston.com/
Brighton/Allston,Shanghai Social Club,"1277 Commonwealth Avenue, Allston, MA 02134",http://www.shanghaisocialclub.com/
Brighton/Allston,T's Pub," 973 Commonwealth Ave, Boston, MA 02215",http://tspub.com/
Brighton/Allston,O Brien's Pub,"3 Harvard Ave, Allston, MA 02134",http://www.obrienspubboston.com/
Brighton/Allston,Wonder Bar ,"186 Harvard Ave, Allston, MA 02134",http://wonderbarboston.com/
Brighton/Allston,Patrons (At Sunset Brighton Ave),"138 Brighton Ave, Allston, MA 02134",http://www.allstonsfinest.com/welcome/
Brighton/Allston,Lulu's Allston,"421 CAMBRIDGE STREET, ALLSTON, MA 02134",http://lulusallston.com/
Brighton/Allston,Model Café,"7 N Beacon St, Allston, MA 02134",
Brighton/Allston, Common Ground,"85 Harvard Ave, Allston, MA 02134",http://www.commongroundallston.com/
Brighton/Allston,Maryanne's ,"1937 Beacon St, Brighton, MA 02135",
Brighton/Allston,Cityside Bar,"1960 Beacon St, Brighton, MA 02135",http://www.citysidebar.com/
Brighton/Allston,Green Briar,"304 Washington St, Brighton, MA 02135",http://www.greenbriarpub.com/
Brighton/Allston,Devlin's,"332 Washington St, Brighton, MA 02135",http://edevlins.com/
Brighton/Allston,Brighton Beer Garden,"386 Market St, Brighton, MA 02135",http://www.xequina.com/
Brighton/Allston,Porter Bellys," 338 Washington St, Brighton, MA 02135",http://porterbellyspub.com/
Brighton/Allston,Castle Bar,"575 Washington St, Brighton, MA 02135",
Brighton/Allston,The Last Drop,"596 Washington St, Brighton, MA 02135",
Brighton/Allston,Roggie's Diner,"356 Chestnut Hill Ave, Brighton, MA 02135",http://www.roggies.com/
Brookline,Public House,"1648 Beacon St, Brookline, MA 02445",http://www.thepublickhousebeerbar.com/
Brookline,Washington Square Tavern,"714 Washington St, Brookline, MA 02445",http://washingtonsquaretavern.com/
Brookline,Regal Beagle ,"308 Harvard St, Brookline, MA 02446",
Brookline,Matt Murphy's Pub,"14 Harvard St, Brookline, MA 02445",http://mattmurphyspub.com/
Brookline,Stoli Bar and Restaurant," 213 Washington St, Brookline, MA 02445",http://www.russian-restaurant-boston.com/
Brookline,Hop's and Scotch,"1306 Beacon St, Brookline, MA 02446",http://www.hopsnscotchbar.com/
Brookline,O Leary's Irish Pub,"1010 Beacon St, Brookline, MA 02446",
Brookline,Coolidge Corner Clubhouse,"307 Harvard St, Brookline, MA 02446",http://www.thecoolidgecornerclubhouse.com/index.php
Brookline,The Corrib Pub,"201 Harvard St, Brookline, MA, 02446",http://www.corribpub.com/brookline/
Brookline,404 Tapas Lounge,"404 Harvard St, Brookline, MA 02446",
Brookline,FugaKyu,"1280 Beacon St, Brookline, MA 02446",http://www.fugakyu.net/
Brookline,Osaka,"14 Green St, Brookline, MA 02446",http://brooklineosaka.com/
Brookline,Gari,"187 Harvard St, Brookline, MA 02446",http://www.garisushibrookline.com/
Cambridge,The Druid," 1357 Cambridge St, Cambridge, MA 02139",http://www.druidpub.com/
Cambridge,River Gods,"125 River St, Cambridge, MA 02139",http://www.rivergodsonline.com/
Cambridge,Atwood Tavern,"877 Cambridge St, Cambridge, MA 02141",http://www.atwoodstavern.com/
Cambridge,Shay's Pub," 58 Jfk St, Cambridge, MA 02138",
Cambridge,Miracle of Science Bar and Grill,"321 Massachusetts Ave, Cambridge, MA 02139",http://www.miracleofscience.us/
Cambridge,Brick and Mortar,"567 Massachusetts Ave, Cambridge, MA 02139",http://www.brickandmortarbar.com/
Cambridge,The Cellar,"991 Massachusetts Ave, Cambridge, MA 02138",http://www.gardenatthecellar.com/home/
Cambridge,Charlies Kitchen,"10 Eliot St, Cambridge, MA 02138",http://www.charlieskitchen.com/
Cambridge,Green Street," 280 Green St, Cambridge, MA 02139",http://www.greenstreetgrill.com/
Cambridge,People's Republik," 878 Massachusetts Ave, Cambridge, MA 02139",http://www.peoplesrepublik.com/
Cambridge,Temple Bar,"1688 Massachusetts Ave, Cambridge, MA 02138",http://templebarcambridge.com/
Cambridge,Lord Hobo,"92 Hampshire St, Cambridge, MA 02139",http://lordhobo.com/
Cambridge,Cantab Lounge,"738 Massachusetts Ave, Cambridge, MA 02139",http://www.cantab-lounge.com/
Cambridge,Joe Sent Me,"2388 Massachusetts Ave, Cambridge, MA 02140",http://www.joe-sent-me.com/
Cambridge,Noir," 1 Bennett St, Cambridge, MA 02138",http://www.noir-bar.com/
Cambridge,Park Restaurant and Lounge,"59 Jfk St, Cambridge, MA 02138",http://parkcambridge.com/
Cambridge,Grendel's Den,"89 Winthrop St, Cambridge, MA 02138
",http://www.grendelsden.com/
Cambridge,Puritan Company,"1166 Cambridge St, Cambridge, MA 02139",http://www.puritancambridge.com/
Cambridge,Meadhall,"4 Cambridge Center, Cambridge, MA 02142",http://www.themeadhall.com/
Cambridge,Plough and Stars (Venue),"912 Massachusetts Ave, Cambridge, MA 02139",http://www.ploughandstars.com/
Cambridge,Cambridge Common,"1667 Massachusetts Ave, Cambridge, MA 02138",http://www.cambridgecommonrestaurant.com/main.html
Cambridge,Toad,"1912 Massachusetts Ave, Cambridge, MA 02140",http://www.toadcambridge.com/
Cambridge,Courtside,"291 Cambridge St, Cambridge, MA 02141",http://courtside.wix.com/karaoke
Cambridge,Middle East (Venue Fri-Sat),"472-480 Massachusetts Ave, Cambridge, MA 02139",http://mideastoffers.com/me/
Cambridge,The Field,"20 Prospect St, Cambridge, MA 02139",http://www.thefieldpub.com/
Cambridge,Thirsty Ear/Ashedown Pub (MIT),"235 Albany St, Cambridge, MA 02139",http://thirsty-ear.mit.edu/
Cambridge,Grafton Street,"1230 Massachusetts Ave, Cambridge, MA 02138",http://graftonstreetcambridge.com/
Cambridge,Asgard Pub,"350 Massachusetts Ave, Cambridge, MA 02139",http://www.classicirish.com/
Cambridge,Middlesex Lounge,"315 Massachusetts Ave, Cambridge, MA 02139",http://www.middlesexlounge.us/
Cambridge,Westside Lounge,"1680 Massachusetts Ave, Cambridge, MA 02138",http://westsidelounge.com/
Cambridge,Tavern in the Square (Porter),"1815 Massachusetts Ave, Cambridge, MA 02140",http://www.taverninthesquare.com/
Cambridge,Pheonix Landing,"512 Massachusetts Ave, Cambridge, MA 02139",http://phoenixlandingbar.com/
Cambridge,Whitney's,"37 John F. Kennedy St, Cambridge, MA 02138",
Cambridge,Cambridge Queens Head (Harvard),"45 Quincy St, Cambridge, MA 02138",http://cqh.harvard.edu/
Cambridge,Muddy Charles Pub (MIT),"142 Memorial Drive, Cambridge, MA 02139",http://web.mit.edu/muddy/
Cambridge,Christophers,"1920 Massachusetts Ave, Cambridge, MA 02140",http://christopherscambridge.com.s122913.gridserver.com/
Cambridge,Hong Kong (Cambridge),"1238 Massachusetts Ave, Cambridge, MA 02140",http://www.hongkongharvard.com/
Cambridge,Firebrand Saints,"1 Broadway, Cambridge, MA 02142",http://firebrandsaints.com/
Cambridge,Flat Top Johnny's,"1 Kendall Sq, Cambridge, MA 02139",http://www.flattopjohnnys.com/
Cambridge,Tommy Doyles,"1 Kendall Square #100, Cambridge, MA 02139",http://tommydoyles.com/
Cambridge,Tory Row,"3 Brattle St, Cambridge, MA 02138",http://www.toryrow.us/
Cambridge,Bukowski Tavern (Cambridge),"1281 Cambridge St, Cambridge, MA 02139",http://bukowskitavern.net/
Cambridge,Westbridge,"1 Kendall Square, Cambridge, MA 02139",http://www.westbridgerestaurant.com/
Cambridge,TT the Bear's Place,"10 Brookline Street, Cambridge, MA 02139",http://www.ttthebears.com/
Cambridge,Summer Shack,"149 Alewife Brook Pkwy, Cambridge, MA 02140",http://www.summershackrestaurant.com/
Cambridge,The Sinclair (Venue),"52 Church St, Cambridge, MA 02138",http://www.sinclaircambridge.com/
Cambridge,Nubar (Starwood Preferred),"16 Garden St, Cambridge, MA 02138",http://www.spgrestaurantsandbars.com/united-states/massachusetts/cambridge/nubar
Cambridge,Lingo Bar and Grill,"1 Education St, Cambridge, MA 02141",http://www.lingobarandgrill.com/content/home.asp
Cambridge,Lizard Lounge,"1667 Massachusetts Ave, Cambridge, MA 02138",http://lizardloungeclub.com/
Cambridge,Russel House Tavern,"14 John F. Kennedy St, Cambridge, MA 02138",http://russellhousecambridge.com/
Downtown,JM Curley,"21 Temple Pl, Boston, MA 02111",http://jmcurleyboston.com/
Downtown,21st Amendment,"150 Bowdoin St, Boston, MA 02108",http://21stboston.com/
Downtown,Stoddards,"48 Temple Pl, Boston, MA 02111",http://stoddardsfoodandale.com/
Downtown,JJ Foleys,"21 Kingston Street, Boston, MA 02111",http://www.jjfoleyscafe.com/
Downtown,Barracuda Tavern,"15 Bosworth Street, Boston, MA 02108",http://www.barracudatavern.com/
Downtown,Emmits Irish Pub,"6 Beacon St, Boston, MA 02108",http://www.emmetsirishpubandrestaurant.com/
Downtown,Sidebar,"14 Bromfield St, Boston, MA 02108",http://sidebarboston.com/
Downtown,Highball Lounge,"90 Tremont St, Boston, MA 02108",http://www.highballboston.com/
Downtown,Beantown Pub,"100 Tremont St, Boston, MA 02108",http://www.beantownpub.com/
Downtown,Scholars,"25 School St, Boston, MA 02108",http://scholarsbostonbistro.com/
Downtown,The Kinsale," 2 Center Plz, Boston, MA 02108",http://www.classicirish.com/
Downtown,Hub Pub,"18 Province St, Boston, MA 02108",http://www.thehubpub.com/
Downtown,Last Hurrah (Omni Hotel)," 60 School Street, 1st Floor, Boston, MA 02108",http://www.omnihotels.com/FindAHotel/BostonParkerHouse/Dining/TheLastHurrah.aspx
Downtown,Silvertones,"69 Bromfield St, Boston, MA 02108",http://silvertonedowntown.com/
Downtown,Red Hat,"9 Bowdoin St, Boston, MA 02114",http://www.theredhatboston.com/
Downtown,Mojitos Bar and Grille," 48 Winter St, Boston, MA 02108",http://mojitosboston.com/
Downtown,King Street Tavern (Ames Hotel),"1 Court St, Boston, MA 02108",http://www.ameshotel.com/king-st-tavern/
Downtown,Biddy Earlys,"141 Pearl St, Boston, MA 02110",
Downtown,Durty Nellys,"108 Blackstone St, Boston, MA 02109",http://www.durtynellysboston.com/
Downtown,The Tam,"222 Tremont St, Boston, MA 02116",
Downtown,Green Dragon Tavern (Somers),"11 Marshall St, Boston, MA 02108",http://www.somerspubs.com/green-dragon.html
Downtown,Intermission Tavern,"228 Tremont St, Boston, MA 02116",http://www.intermissiontavern.com/
Fenway,Bleacher Bar,"82A Lansdowne St, Boston, MA 02215",http://bleacherbarboston.com/flash/
Fenway,Cask n Flagon,"62 Brookline Ave, Boston, MA 02215",http://www.casknflagon.com/
Fenway,The Lower Depths,"476 Commonwealth Ave, Boston, MA 02215",http://thelowerdepths.com/
Fenway,Baseball Tavern,"1270 Boylston St, Boston, MA 02215",http://baseballtavern.com/
Fenway,Landsdowne,"9 Lansdowne St, Boston, MA 02215",http://www.lansdownepubboston.com/
Fenway,Boston Beer Works,"61 Brookline Ave, Boston, MA 02215",http://www.beerworks.net/
Fenway,Game on,"82 Lansdowne St, Boston, MA 02215",http://gameonboston.com/
Fenway,Jerry Remys (Fenway),"1265 Boylston St, Boston, MA 02215",http://jerryremys.com/fenway/
Fenway,Yardhouse,"126 Brookline Ave, Boston, MA 02215",https://www.yardhouse.com/MA/boston-restaurant/
Fenway,Copperfields,"98 Brookline Ave, Boston, MA 02215",http://www.copperfieldsbar.com/
Fenway,Eastern Standard,"528 Commonwealth Ave, Boston, MA 02215",http://www.easternstandardboston.com/
Fenway,Bills Bar and Lounge," 5 Lansdowne St, Boston, MA 02215",
Fenway,Jillians,"45 Ipswich St, Boston, MA 02215",http://jilliansboston.com/
Fenway,Sweet Carolines,"1260 Boylston St, Boston, MA 02215",
Fenway,Thortons,"100 Peterborough St, Boston, MA 02215",http://thorntonsfenwaygrille.com/
Fenway,Who's on First,"19 Yawkey Way, Boston, MA 02215",http://whosonfirstatfenway.com/
Fenway,Woody's Grill and Tap,"58 Hemenway St, Boston, MA 02115",http://www.woodysboston.com/
Fenway,Tequila Rain,"7 Lansdowne St, Boston, MA 02215",http://www.tequilarainboston.com/
Fenway,Cornwalls," 654 Beacon St, Boston, MA 02215",http://www.cornwalls.com/
Fenway,Arc Bar,"835 Beacon St, Boston, MA 02215",http://arcnightclub.com/
Fenway,The Crossing Bar,"1592 Tremont St, Boston, MA 02120",http://thecrossingbar.com/
Fenway,The Church Bar,"69 Kilmarnock St, Boston, MA 02215",http://www.churchofboston.com/
Financial District,Mr Dooleys (Somers),"77 Broad St, Boston, MA 02109",http://www.somerspubs.com/
Financial District,Battery Park and Lounge,"33 Batterymarch St, Boston, MA 02110",http://www.batteryparkboston.com/
Financial District,Bostonia Public House,"131 State St, Boston, MA 02110",http://bostoniapublichouse.com/
Financial District,Granary Tavern,"170 Milk St, Boston, MA 02110",http://www.granarytavern.com/
Financial District,The Littleist Bar,"102 Broad St, Boston, MA 02110",http://littlestbar.com/
Financial District,The Black Rose (Glynn Group),"160 State St, Boston, MA 02109",http://www.blackroseboston.com/
Financial District,Nix's Mate,"89 Broad St, Boston, MA 02110",http://www.nixsmate.com/
Financial District,Bond Lounge,"250 Franklin St, Boston, MA 02110",http://www.bondboston.com/
Financial District,Howl at the Moon,"184 High St, Boston, MA 02110",http://www.howlatthemoon.com/locations/location-boston
Financial District,The Vault,"105 Water St, Boston, MA 02109",http://thevaultboston.com/
Financial District,Vintage Lounge,"72 Broad St, Boston, MA 02110",http://www.vlboston.com/
Financial District,Barney Fannings,"99 Broad St, Boston, MA 02110",http://barneyfannings.com/
Financial District,Elephant and Castle,"161 Devonshire St, Boston, MA 02110",http://www.elephantcastle.com/
Financial District,Warehouse Bar and Grille,"40 Broad St, Boston, MA 02109",http://thewarehouseboston.com/
Financial District,Central Wharf Co (Glynn Group),"160 Milk St, Boston, MA 02109",http://www.centralwharfco.com/
Financial District,Market Bar,"21 Broad St, Boston, MA 02109",http://www.partyearth.com/boston/clubs/market-mkt-2/
Financial District,The Alley Bar," 275 Washington St, Boston, MA 02108",http://www.thealleybar.com/
Financial District,Julep Bar,"200 High St, Boston, MA 02110",http://www.julepbar.com/
Financial District,Harborside Lounge (Harborside Hotel),"185 State St, Boston, MA 02109",http://harborsideinnboston.com/
Financial District,Times Irish Pub,"112 Broad St, Boston, MA 02110",http://www.timesirishpub.com/
Financial District,Coogans Bluff,"171 Milk St, Boston, MA 02109",http://www.coogansboston.com/
Financial District,Kingston Station,"25 Kingston St, Boston, MA 02111",http://www.kingstonstation.com/
Financial District,Goodlife,"28 Kingston St, Boston, MA 02111",http://www.goodlifebar.com/
Financial District,Rumba (intercontinental hotel),"510 Atlantic Ave, Boston, MA 02210",http://www.intercontinentalboston.com/dining/rumba.aspx
Financial District,Hong Kong (Financial),"65 Chatham St, Boston, MA 02109",http://www.hongkongboston.com/
Financial District,Ice Bar,"200 State St, Boston, MA 02109",http://www.frosticebar.com/
Financial District,Wild Rover,"61 Chatham St, Boston, MA 02109",http://www.wildroverboston.com/
Financial District,Sissy K's,"6 Commercial St, Boston, MA 02109",http://www.sissyks.com/
Financial District,The Bar Room,"5 Broad St, Boston, MA 02109",http://barroomboston.yolasite.com/
Financial District,Stadium Sports Bar and Grill,"232 Old Colony Ave, Boston, MA 02127",http://www.stadiumbars.com/
Financial District,Down Ultra Lounge,"184 High St, Boston, MA 02110",http://downultralounge.com/
Financial District,The Place,"2 Broad St, Boston, MA 02109",http://theplaceboston.com/
Financial District,An Tain,"31 India St, Boston, MA 02110",
Financial District,Mija Cantina,"1 S Market St, Boston, MA 02109",http://mijaboston.com/
Financial District,Ned Devines Pub,"1 N Market St, Boston, MA 02109",http://www.neddevinesboston.com/
Financial District,Hard Rock Boston,"22-24 Clinton St, Boston, MA 02109",http://www.hardrock.com/cafes/boston/
Financial District,The Hideout," 340 Faneuil Hall Mrkt Pl
Boston, MA 02109",
Financial District,Ames Plow Tavern,"294 Faneuil Hall Marketplace, Boston, MA 02109",http://www.faneuilhallmarketplace.com/restaurant/ames-plow-tavern/9863/36664
Financial District,JJ Donovans,"27 Clinton St, Boston, MA 02109",http://www.odonovansbar.com/
Financial District,Paddy O's (SOMERS),"33 Union St, Boston, MA 02108",http://www.somerspubs.com/paddy-os.html
Financial District,Bell in Hand,"45 Union St, Boston, MA 02108",http://bellinhand.com/homepage
North End/ Garden,Greatest Bar,"262 Friend St, Boston, MA 02114",http://www.thegreatestbar.com/
North End/ Garden,Ward 8 ,"90 N Washington St, Boston, MA 02114",http://www.ward8.com/
North End/ Garden,The Fours,"166 Canal St, Boston, MA 02114",http://www.thefours.com/
North End/ Garden,Sullivans Tap,"168 Canal St, Boston, MA 02114",
North End/ Garden,Porters Bar and Grill,"173 Portland St, Boston, MA 02114",http://www.portersbar.com/
North End/ Garden,West end Johnnys,"138 Portland St, Boston, MA 02114",http://www.westendjohnnies.com/
North End/ Garden,The North Star,"222 Friend St, Boston, MA 02114",http://www.northstarboston.com/
North End/ Garden,The Harp,"85 Causeway St, Boston, MA 02114",http://www.harpboston.com/
North End/ Garden,Mganns Pub,"197 Portland St, Boston, MA 02114",http://www.mcgannsirishpub.com/
North End/ Garden,Hurricane O Reilly's (Glynn Group),"150 Canal St, Boston, MA 02114",http://www.hurricaneoreillysboston.com/
North End/ Garden,The Grand Canal,"57 Canal St, Boston, MA 02114",http://grandcanalboston.com/
North End/ Garden,Four Winds Bar and Grille,"266 Commercial St, Boston, MA 02109",http://www.fourwindsbarandgrill.com/
Seaport/Waterront,Atlantic Beer Garden,"146 Northern Ave, Boston, MA 02210",http://www.atlanticbeergarden.com/
Seaport/Waterront,Whiskey Priest,"150 Northern Ave, Boston, MA 02210",http://whiskey-priest.com/
Seaport/Waterront,Drink,"348 Congress St, Boston, MA 02210",http://drinkfortpoint.com/
Seaport/Waterront,75 on Liberty Wharf,"220 Northern Ave, Boston, MA 02210",http://75onlibertywharf.com/
Seaport/Waterront,Sam's,"60 Northern Ave, Boston, MA 02110",http://samsatlouis.com/
Seaport/Waterront,Luckys Lounge,"355 Congress St, Boston, MA 02210",http://luckyslounge.com/
Seaport/Waterront,MJ O Connors,"425 Summer St, Boston, MA 02210",http://www.mjoconnors.com/
Seaport/Waterront,Empire,"1 Marina Park Dr, Boston, MA 02210",http://www.empireboston.com/
Seaport/Waterront,Gather," 75 Northern Ave, Boston, MA 02210",http://gatherboston.com/
Seaport/Waterront,Tavern Road,"343 Congress St, Boston, MA 02210",http://tavernroad.com/
Seaport/Waterront,The Landing,"1 Long Wharf, Boston, MA 022110",http://www.bostonharborcruises.com/the-landing-at-long-wharf/
Seaport/Waterront,Tia's,"200 Atlantic Ave, Boston, MA 02109",http://www.tiaswaterfront.com/
Seaport/Waterront,The living room,"101 Atlantic Ave, Boston, MA 02110",http://thelivingroomboston.com/
Seaport/Waterront,Sail Loft,"80 Atlantic Ave, Boston, MA 02110",http://www.thebostonsailloft.com/
Seaport/Waterront,Savvor Restaurant and Lounge,"180 Lincoln St, Boston, MA 02111",http://www.savvorbostonlounge.com/
Seaport/Waterront,District,"180 Lincoln St Boston, MA 02111",
Seaport/Waterront,Jerry Remys (seaport)," 250 Northern Ave, Boston, MA 02210",http://jerryremysseaport.com/
Seaport/Waterront,Tavern in the Square (South Station),"640 Atlantic Avenue, Boston, MA 02111",http://www.taverninthesquare.com/
Seaport/Waterront,Capiz Bar (Waterfront Marriot),"606 Congress St, Boston, MA 02210",http://www.marriott.com/hotels/hotel-information/restaurant/boswf-renaissance-boston-waterfront-hotel/
Seaport/Waterront,Waterfront Café," 450 Commercial St, Boston, MA 02113",http://www.waterfront-cafe.com/ordereze/default.aspx
Seaport/Waterront,Strega Waterfront,"1 Marina Park Dr, Boston, MA 02210",http://www.stregawaterfront.com/
Seaport/Waterront,Rowes Wharf (boston harbor hotel),"70 Rowes Wharf, Boston, MA 02110",http://www.bhh.com/
Seaport/Waterront,Aragosta Bar and Bistro,"3 Battery Wharf, Boston, MA 02109",http://www.aragostabistro.com/
Seaport/Waterront,Temazcal Tequila Cantina,"250 Northern Ave, Boston, MA 02210",http://temazcalcantina.com/
Seaport/Waterront,Salvatores,"225 Northern Ave, Boston, MA 02210",http://www.salvatoresrestaurants.com/seaport-district/
Seaport/Waterront,Birch Bar (Westin Waterfront Hotel),"425 Summer St, Boston, MA 02210",http://www.westinbostonwaterfront.com/birch-bar
Southie,Franklin Southie,"152 Dorchester Ave, Boston, MA 02127",http://www.franklincafe.com/
Southie,Local 149 ,"149 P St, Boston, MA 02127",http://local149.com/
Southie,Blackthorn Bar,"471 W Broadway, South Boston, MA 02127",http://www.blackthornboston.com/
Southie,L Street Tavern,"658 E 8th St, South Boston, MA 02127",
Southie,Shenanigans ,"332 West Broadway, South Boston MA, 02127",http://www.shenannigansirishpubbostonma.com/
Southie,Stats,"77 Dorchester St, Boston, MA 02127",http://statsboston.com/
Southie,Murphys Law,"837 Summer St, South Boston, MA 02127",http://www.murphyslawbar.com/
Southie,The Lincoln,"425 W BROADWAY, BOSTON, MA 02127",http://lincolnsouthboston.com/
Southie,Toms English Cottage,"118 Emerson St, Boston, MA 02127",
Southie,Telegraph Hill,"289 Dorchester St, Boston, MA 02127",http://www.telegraphhillboston.com/
Southie,The Shannon Tavern,"558 E 3rd St, Boston, MA 02127",
Southie,The Clock Tavern,"342 W Broadway, Boston, MA 02127",
Southie,The Cornerstone,"16 W Broadway, Boston, MA 02127",
Southie,Boston Beer Garden,"732 E Broadway, South Boston, MA 02127",http://www.bostonbeergarden.com/
Southie,Touchies Shamrock Pub,"501 E 8th St, Boston, MA 02127",
Southie,The Playwright,"658 E Broadway, Boston, MA 02127",http://www.theplaywrightbar.com/
Southie,Barlows,"241 A St, Boston, MA 02210",http://barlowsrestaurant.com/
Somerville,Backbar,"7 Sanborn Ct, Somerville, MA 02143",http://backbarunion.com/
Somerville,Sligo Pub,"237 Elm Street, Somerville, MA 02144",
Somerville,Five Horses Tavern,"400 Highland Ave, Somerville, MA 02144",http://fivehorsestavern.com/
Somerville,Saloon,"255 Elm St, Somerville, MA 02144",http://www.saloondavis.com/
Somerville,Foundry on Elm,"255 Elm St, Somerville, MA 02144",http://www.foundryonelm.com/
Somerville,Spoke Wine bar,"89 Holland St, Somerville, MA 02144",http://www.spokewinebar.com/
Somerville,Joshua Tree," 256 Elm St, Somerville, MA 02144",http://www.joshuatreesomerville.com/
Somerville,Red Bones,"55 Chester St, Somerville, MA 02144",https://www.redbones.com/
Somerville,The Burren,"247 Elm St, Somerville, MA 02144",http://www.burren.com/
Somerville,Johnny D's,"17 Holland St, Somerville, MA 02144",http://johnnyds.com/
Somerville,PJ Ryans,"239 Holland St, Somerville, MA 02144",http://www.pjryans.com/
Somerville,Casey's," 173 Broadway, Somerville, MA 02145",http://www.caseyssomerville.com/
Somerville,Bull Mcabes," 366 Somerville Ave, Somerville, MA 02143",http://bullmccabesboston.com/
Somerville,Trinas Pub,"3 Beacon St, Somerville, MA 02143",http://www.trinastarlitelounge.com/
Somerville,Daddy Jones,"525 Medford St, Somerville, MA 02145",http://daddyjonesbar.com/
Charlestown,Warren Tavern," 2 Pleasant St, Charlestown, MA 02129",http://www.warrentavern.com/
Charlestown,Tavern at the End of The World,"108 Cambridge St, Charlestown, MA 02129",http://www.tavernattheendoftheworld.com/
Charlestown,Navy Yard Bistro,"1 1st Ave, Charlestown, MA 02129",http://www.navyyardbistro.com/
Charlestown,Sullivans Pub,"85 Main St, Boston, MA 02129",
Charlestown,Old Sullys,"56 Union St, Boston, MA 02129",
Charlestown,Ironside Grill,"25 Park St, Charlestown, MA 02129",http://www.ironsidegrill.net/
Charlestown,Ward 8 (Charlestown),"90 N Washington St, Boston, MA 02114",http://www.ward8.com/
Charlestown,Kelly Square Pub,"84 Bennington St, Boston, MA 02128",
Charlestown,Koulshi Lounge,"83 Main St, Charlestown, MA 02129",http://koullshi.com/
Charlestown,Sports Grill Boston," 132 Canal St, Boston, MA 02114",http://www.sportsgrilleboston.com/
Charlestown,Sweet Water Tavern,"3 Boylston Pl, Boston, MA 02116",http://sweetwatercafeboston.com/